"Date","Time","SP Coccion Z1","Temp Coccion Z1","Temp Combustion Z1","SP Coccion Z2","Temp Coccion Z2","Temp Combustion Z2","Tiempo Coccion [centesimas de seg]","Quemador 1","Quemador 2","Quemador 3","Llama Z1","Llama Z2"
"2025/04/05","00:00:48","263","261","406","263","260","413","2130","1","1","1","100","100"
"2025/04/05","00:01:48","263","261","406","263","259","413","2130","1","1","1","100","100"
"2025/04/05","00:02:48","263","262","407","263","259","414","2130","1","1","1","100","100"
"2025/04/05","00:03:48","263","262","407","263","259","414","2130","1","1","1","100","100"
"2025/04/05","00:04:48","263","262","407","263","259","413","2130","1","1","1","100","100"
"2025/04/05","00:05:48","263","262","407","263","259","413","2130","1","1","1","100","100"
"2025/04/05","00:06:48","263","262","408","263","258","414","2130","1","1","1","100","100"
"2025/04/05","00:07:48","263","262","408","263","258","414","2130","1","1","1","100","100"
"2025/04/05","00:08:48","263","263","408","263","258","414","2130","1","1","1","100","100"
"2025/04/05","00:09:48","263","263","408","263","258","414","2130","1","1","1","100","100"
"2025/04/05","00:10:48","263","263","409","263","258","414","2130","1","1","1","100","100"
"2025/04/05","00:11:48","263","263","409","263","258","414","2130","1","1","1","96","100"
"2025/04/05","00:12:48","263","264","410","263","258","414","2130","1","1","1","96","100"
"2025/04/05","00:13:48","263","264","410","263","258","414","2130","1","1","1","81","100"
"2025/04/05","00:14:48","263","264","410","263","258","414","2130","1","1","1","8","100"
"2025/04/05","00:15:48","263","264","408","263","258","415","2130","1","1","1","1","100"
"2025/04/05","00:16:48","263","264","403","263","257","416","2130","1","1","1","30","100"
"2025/04/05","00:17:48","263","264","397","263","257","417","2130","1","1","1","20","100"
"2025/04/05","00:18:48","263","264","390","263","257","418","2130","1","1","1","8","100"
"2025/04/05","00:19:48","263","265","389","263","257","418","2130","1","1","1","2","100"
"2025/04/05","00:20:48","263","264","387","263","257","418","2130","1","1","1","38","100"
"2025/04/05","00:21:48","263","264","386","263","257","419","2130","1","1","1","29","100"
"2025/04/05","00:22:48","261","265","385","261","257","419","2130","1","1","1","6","32"
"2025/04/05","00:23:48","261","264","378","261","257","411","2130","1","1","1","1","64"
"2025/04/05","00:24:48","261","264","370","261","257","412","2130","1","1","1","1","68"
"2025/04/05","00:25:48","261","264","363","261","257","414","2130","1","1","1","1","68"
"2025/04/05","00:26:48","261","264","356","261","257","415","2130","1","1","1","1","66"
"2025/04/05","00:27:48","261","264","351","261","257","415","2130","1","1","1","1","65"
"2025/04/05","00:28:48","261","263","347","261","257","416","2130","1","1","1","30","63"
"2025/04/05","00:29:48","261","263","352","261","257","415","2130","1","1","1","70","63"
"2025/04/05","00:30:48","261","263","358","261","257","415","2130","1","1","1","98","67"
"2025/04/05","00:31:48","261","262","363","261","257","415","2130","1","1","1","100","68"
"2025/04/05","00:32:48","261","262","367","261","256","415","2130","1","1","1","100","68"
"2025/04/05","00:33:48","261","262","371","261","257","415","2130","1","1","1","100","69"
"2025/04/05","00:34:48","261","261","375","261","257","415","2130","1","1","1","100","67"
"2025/04/05","00:35:48","261","261","379","261","256","415","2130","1","1","1","100","67"
"2025/04/05","00:36:48","261","260","382","261","256","415","2130","1","1","1","100","66"
"2025/04/05","00:37:48","261","260","385","261","256","415","2130","1","1","1","100","66"
"2025/04/05","00:38:48","261","260","388","261","256","415","2130","1","1","1","100","66"
"2025/04/05","00:39:48","261","260","390","261","256","415","2130","1","1","1","100","67"
"2025/04/05","00:40:48","261","260","392","261","256","415","2130","1","1","1","99","66"
"2025/04/05","00:41:48","261","260","394","261","256","415","2130","1","1","1","94","67"
"2025/04/05","00:42:48","261","260","396","261","256","415","2130","1","1","1","88","65"
"2025/04/05","00:43:48","261","260","398","261","256","415","2130","1","1","1","81","65"
"2025/04/05","00:44:48","261","260","399","261","256","415","2130","1","1","1","77","65"
"2025/04/05","00:45:48","261","260","400","261","256","415","2130","1","1","1","75","64"
"2025/04/05","00:46:48","261","260","401","261","256","416","2130","1","1","1","72","62"
"2025/04/05","00:47:48","261","260","402","261","256","415","2130","1","1","1","67","64"
"2025/04/05","00:48:48","261","261","403","261","256","415","2130","1","1","1","65","62"
"2025/04/05","00:49:48","261","261","404","261","256","415","2130","1","1","1","61","63"
"2025/04/05","00:50:48","261","261","406","261","256","416","2130","1","1","1","57","60"
"2025/04/05","00:51:48","261","261","407","261","256","415","2130","1","1","1","55","62"
"2025/04/05","00:52:48","261","262","406","261","256","415","2130","1","1","1","13","64"
"2025/04/05","00:53:48","261","262","397","261","256","416","2130","1","1","1","29","60"
"2025/04/05","00:54:48","261","262","391","261","256","416","2130","1","1","1","9","58"
"2025/04/05","00:55:48","261","262","385","261","256","415","2130","1","1","1","1","58"
"2025/04/05","00:56:48","261","262","378","261","256","416","2130","1","1","1","16","56"
"2025/04/05","00:57:48","261","262","372","261","256","415","2130","1","1","1","4","57"
"2025/04/05","00:58:48","261","262","370","261","256","416","2130","1","1","1","14","55"
"2025/04/05","00:59:48","261","262","370","261","256","416","2130","1","1","1","29","54"
"2025/04/05","01:00:48","261","262","372","261","256","415","2130","1","1","1","13","55"
"2025/04/05","01:01:48","261","262","374","261","256","414","2130","1","1","1","64","59"
"2025/04/05","01:02:48","261","262","375","261","256","414","2130","1","1","1","53","61"
"2025/04/05","01:03:48","261","262","378","261","256","414","2130","1","1","1","66","63"
"2025/04/05","01:04:48","261","262","382","261","255","414","2130","1","1","1","93","64"
"2025/04/05","01:05:48","261","262","386","261","255","415","2130","1","1","1","62","61"
"2025/04/05","01:06:48","261","262","388","261","255","414","2130","1","1","1","25","66"
"2025/04/05","01:07:48","261","262","390","261","255","414","2130","1","1","1","45","66"
"2025/04/05","01:08:48","261","262","392","261","255","415","2130","1","1","1","46","66"
"2025/04/05","01:09:48","261","262","393","261","255","414","2130","1","1","1","63","67"
"2025/04/05","01:10:48","261","262","395","261","255","415","2130","1","1","1","25","67"
"2025/04/05","01:11:48","261","262","394","261","255","416","2130","1","1","1","16","64"
"2025/04/05","01:12:48","261","262","390","261","255","415","2130","1","1","1","52","64"
"2025/04/05","01:13:48","261","262","388","261","255","416","2130","1","1","1","18","62"
"2025/04/05","01:14:48","261","262","386","261","255","416","2130","1","1","1","1","59"
"2025/04/05","01:15:48","261","262","383","261","255","415","2130","1","1","1","18","61"
"2025/04/05","01:16:48","261","262","382","261","254","416","2130","1","1","1","10","59"
"2025/04/05","01:17:48","261","262","380","261","254","416","2130","1","1","1","5","58"
"2025/04/05","01:18:48","261","262","378","261","254","415","2130","1","1","1","2","59"
"2025/04/05","01:19:48","261","262","378","261","254","415","2130","1","1","1","29","60"
"2025/04/05","01:20:48","261","262","380","261","254","415","2200","1","1","1","3","60"
"2025/04/05","01:21:48","261","262","379","261","254","415","2200","1","1","1","46","59"
"2025/04/05","01:22:48","261","262","380","261","254","415","2200","1","1","1","33","60"
"2025/04/05","01:23:48","261","262","381","261","254","415","2200","1","1","1","38","59"
"2025/04/05","01:24:48","261","262","384","261","254","415","2200","1","1","1","46","60"
"2025/04/05","01:25:48","261","262","386","261","254","415","2200","1","1","1","4","60"
"2025/04/05","01:26:48","261","262","385","261","254","415","2200","1","1","1","7","59"
"2025/04/05","01:27:48","261","262","383","261","254","415","2200","1","1","1","24","59"
"2025/04/05","01:28:48","261","262","384","261","254","415","2200","1","1","1","13","60"
"2025/04/05","01:29:48","261","262","384","261","254","415","2200","1","1","1","18","59"
"2025/04/05","01:30:48","261","262","385","261","254","415","2200","1","1","1","19","62"
"2025/04/05","01:31:48","261","262","385","261","255","415","2200","1","1","1","6","60"
"2025/04/05","01:32:48","261","262","382","261","254","416","2200","1","1","1","16","58"
"2025/04/05","01:33:48","261","262","381","261","254","415","2200","1","1","1","22","59"
"2025/04/05","01:34:48","261","262","380","261","254","416","2200","1","1","1","4","55"
"2025/04/05","01:35:48","261","262","378","261","254","415","2200","1","1","1","10","58"
"2025/04/05","01:36:48","261","262","376","261","254","415","2200","1","1","1","3","59"
"2025/04/05","01:37:48","260","262","374","260","254","413","2200","1","1","1","1","20"
"2025/04/05","01:38:48","260","262","366","260","254","404","2200","1","1","1","1","54"
"2025/04/05","01:39:48","260","262","359","260","254","405","2200","1","1","1","1","49"
"2025/04/05","01:40:48","260","261","353","260","254","404","2200","1","1","1","4","53"
"2025/04/05","01:41:48","260","261","351","260","254","405","2200","1","1","1","21","50"
"2025/04/05","01:42:48","260","261","354","260","254","404","2200","1","1","1","33","56"
"2025/04/05","01:43:48","260","261","360","260","254","404","2200","1","1","1","36","55"
"2025/04/05","01:44:48","260","260","366","260","254","405","2200","1","1","1","100","55"
"2025/04/05","01:45:48","260","260","370","260","254","404","2200","1","1","1","100","58"
"2025/04/05","01:46:48","260","260","374","260","254","404","2200","1","1","1","63","37"
"2025/04/05","01:47:48","260","260","378","260","254","400","2200","1","1","1","65","52"
"2025/04/05","01:48:48","260","260","382","260","254","400","2200","1","1","1","53","51"
"2025/04/05","01:49:48","260","260","385","260","254","400","2200","1","1","1","44","53"
"2025/04/05","01:50:48","260","259","386","260","254","399","2200","1","1","1","40","55"
"2025/04/05","01:51:48","260","260","388","260","254","400","2200","1","1","1","32","54"
"2025/04/05","01:52:48","260","260","390","260","254","400","2200","1","1","1","24","51"
"2025/04/05","01:53:48","260","260","389","260","254","400","2200","1","1","1","41","53"
"2025/04/05","01:54:48","260","260","390","260","254","400","2200","1","1","1","29","53"
"2025/04/05","01:55:48","260","260","390","260","253","400","2200","1","1","1","8","52"
"2025/04/05","01:56:48","260","260","388","260","253","400","2200","1","1","1","29","52"
"2025/04/05","01:57:48","260","260","386","260","253","400","2200","1","1","1","36","54"
"2025/04/05","01:58:48","260","260","386","260","253","400","2200","1","1","1","8","53"
"2025/04/05","01:59:48","260","260","384","260","253","400","2200","1","1","1","3","54"
"2025/04/05","02:00:48","260","260","379","260","253","400","2200","1","1","1","5","51"
"2025/04/05","02:01:48","260","260","376","260","253","400","2200","1","1","1","11","54"
"2025/04/05","02:02:48","260","260","372","260","253","400","2200","1","1","1","10","51"
"2025/04/05","02:03:48","260","260","370","260","253","400","2200","1","1","1","36","53"
"2025/04/05","02:04:48","260","260","371","260","252","400","2200","1","1","1","6","53"
"2025/04/05","02:05:48","260","260","371","260","252","400","2200","1","1","1","7","53"
"2025/04/05","02:06:48","260","260","372","260","252","400","2200","1","1","1","7","52"
"2025/04/05","02:07:48","260","260","374","260","252","399","2200","1","1","1","40","55"
"2025/04/05","02:08:48","260","260","376","260","252","400","2200","1","1","1","50","56"
"2025/04/05","02:09:48","260","260","379","260","252","400","2200","1","1","1","40","55"
"2025/04/05","02:10:48","260","260","380","260","252","400","2200","1","1","1","58","56"
"2025/04/05","02:11:48","260","260","382","260","252","400","2200","1","1","1","51","57"
"2025/04/05","02:12:48","260","260","385","260","252","401","2100","1","1","1","34","98"
"2025/04/05","02:13:48","260","260","385","260","252","404","2100","1","1","1","12","98"
"2025/04/05","02:14:48","260","260","383","260","252","406","2100","1","1","1","24","98"
"2025/04/05","02:15:48","260","260","381","260","252","408","2100","1","1","1","39","94"
"2025/04/05","02:16:48","260","260","381","260","252","410","2100","1","1","1","5","91"
"2025/04/05","02:17:48","260","260","379","260","252","411","2100","1","1","1","6","88"
"2025/04/05","02:18:48","260","260","379","260","252","411","2100","1","1","1","17","85"
"2025/04/05","02:19:48","260","260","378","260","252","412","2100","1","1","1","12","81"
"2025/04/05","02:20:48","260","260","376","260","252","413","2100","1","1","1","15","72"
"2025/04/05","02:21:48","260","260","377","260","252","412","2100","1","1","1","15","70"
"2025/04/05","02:22:48","260","260","376","260","252","412","2100","1","1","1","31","67"
"2025/04/05","02:23:48","260","260","376","260","252","412","2100","1","1","1","16","66"
"2025/04/05","02:24:48","260","260","376","260","252","412","2100","1","1","1","22","61"
"2025/04/05","02:25:48","260","260","378","260","252","411","2100","1","1","1","18","61"
"2025/04/05","02:26:48","260","260","378","260","252","411","2100","1","1","1","23","61"
"2025/04/05","02:27:48","260","260","379","260","252","411","2100","1","1","1","11","59"
"2025/04/05","02:28:48","260","260","380","260","252","411","2100","1","1","1","36","57"
"2025/04/05","02:29:48","260","260","382","260","253","411","2100","1","1","1","24","55"
"2025/04/05","02:30:48","260","260","382","260","253","411","2100","1","1","1","35","52"
"2025/04/05","02:31:48","260","260","381","260","253","410","2100","1","1","1","39","55"
"2025/04/05","02:32:48","260","260","383","260","253","409","2100","1","1","1","5","58"
"2025/04/05","02:33:48","260","260","382","260","253","410","2100","1","1","1","18","56"
"2025/04/05","02:34:48","260","260","381","260","253","410","2100","1","1","1","4","57"
"2025/04/05","02:35:48","260","260","379","260","253","410","2100","1","1","1","18","57"
"2025/04/05","02:36:48","260","260","379","260","253","410","2100","1","1","1","2","58"
"2025/04/05","02:37:48","260","260","379","260","253","410","2100","1","1","1","44","57"
"2025/04/05","02:38:48","260","260","377","260","253","411","2100","1","1","1","1","55"
"2025/04/05","02:39:48","260","260","375","260","253","410","2100","1","1","1","28","57"
"2025/04/05","02:40:48","260","260","376","260","253","410","2100","1","1","1","39","57"
"2025/04/05","02:41:48","260","260","377","260","253","410","2100","1","1","1","36","56"
"2025/04/05","02:42:48","260","260","378","260","253","410","2100","1","1","1","74","57"
"2025/04/05","02:43:48","260","260","378","260","253","410","2100","1","1","1","13","58"
"2025/04/05","02:44:48","260","260","379","260","253","410","2100","1","1","1","25","57"
"2025/04/05","02:45:48","260","260","380","260","253","410","2100","1","1","1","3","58"
"2025/04/05","02:46:48","260","260","380","260","253","410","2100","1","1","1","37","56"
"2025/04/05","02:47:48","260","260","382","260","253","410","2100","1","1","1","1","55"
"2025/04/05","02:48:48","260","260","380","260","253","410","2100","1","1","1","19","55"
"2025/04/05","02:49:48","260","260","379","260","253","409","2100","1","1","1","47","59"
"2025/04/05","02:50:48","260","260","378","260","253","410","2100","1","1","1","22","59"
"2025/04/05","02:51:48","260","260","377","260","253","411","2100","1","1","1","15","55"
"2025/04/05","02:52:48","260","260","377","260","253","410","2100","1","1","1","6","55"
"2025/04/05","02:53:48","260","260","374","260","253","410","2100","1","1","1","23","56"
"2025/04/05","02:54:48","260","260","376","260","253","409","2100","1","1","1","43","61"
"2025/04/05","02:55:48","260","260","377","260","253","410","2100","1","1","1","23","59"
"2025/04/05","02:56:48","260","260","378","260","253","409","2100","1","1","1","16","62"
"2025/04/05","02:57:48","260","260","377","260","253","410","2100","1","1","1","43","59"
"2025/04/05","02:58:48","260","260","378","260","253","410","2100","1","1","1","41","60"
"2025/04/05","02:59:48","260","260","378","260","253","410","2100","1","1","1","30","58"
"2025/04/05","03:00:48","260","260","380","260","253","410","2100","1","1","1","38","57"
"2025/04/05","03:01:48","260","260","381","260","253","411","2100","1","1","1","12","55"
"2025/04/05","03:02:48","260","260","379","260","253","411","2100","1","1","1","9","54"
"2025/04/05","03:03:48","260","260","381","260","253","410","2100","1","1","1","15","55"
"2025/04/05","03:04:48","260","260","380","260","253","410","2100","1","1","1","7","53"
"2025/04/05","03:05:48","260","260","379","260","253","410","2100","1","1","1","28","54"
"2025/04/05","03:06:48","260","260","379","260","254","410","2100","1","1","1","8","55"
"2025/04/05","03:07:48","260","260","379","260","253","410","2100","1","1","1","3","56"
"2025/04/05","03:08:48","260","260","378","260","253","409","2100","1","1","1","14","58"
"2025/04/05","03:09:48","260","260","377","260","254","410","2100","1","1","1","22","57"
"2025/04/05","03:10:48","260","260","376","260","253","410","2025","0","1","0","5","58"
"2025/04/05","03:11:48","260","260","377","260","254","410","2025","0","1","0","63","57"
"2025/04/05","03:12:48","260","260","378","260","253","411","2025","0","1","0","17","55"
"2025/04/05","03:13:48","260","260","380","260","253","410","2025","0","1","0","53","57"
"2025/04/05","03:14:48","260","260","380","260","253","410","2025","0","1","0","28","57"
"2025/04/05","03:15:48","263","260","380","260","253","411","2021","0","1","0","83","53"
"2025/04/05","03:16:48","263","260","384","260","253","410","2015","0","1","0","100","57"
"2025/04/05","03:17:48","263","260","387","260","253","410","2015","0","1","0","100","57"
"2025/04/05","03:18:48","263","260","390","260","253","409","2015","0","1","0","100","60"
"2025/04/05","03:19:48","263","260","392","260","253","410","2015","0","1","0","100","59"
"2025/04/05","03:20:48","263","260","395","260","253","410","2015","0","1","0","100","60"
"2025/04/05","03:21:48","263","260","397","260","253","410","2015","0","1","0","100","60"
"2025/04/05","03:22:48","263","260","399","260","253","410","2015","0","1","0","100","59"
"2025/04/05","03:23:48","263","260","402","260","253","410","2015","0","1","0","100","61"
"2025/04/05","03:24:48","263","260","404","260","253","410","2015","0","1","0","100","59"
"2025/04/05","03:25:48","263","261","407","260","253","410","2015","0","1","0","100","60"
"2025/04/05","03:26:48","263","261","410","260","252","410","2015","0","1","0","100","60"
"2025/04/05","03:27:48","263","261","412","260","252","410","2015","0","1","0","100","58"
"2025/04/05","03:28:48","263","262","415","260","252","410","2015","0","1","0","100","57"
"2025/04/05","03:29:48","263","262","416","260","253","411","2015","0","1","0","4","56"
"2025/04/05","03:30:48","263","263","406","260","252","411","2015","0","1","0","1","53"
"2025/04/05","03:31:48","263","264","397","260","252","411","2015","0","1","0","1","52"
"2025/04/05","03:32:48","263","264","390","260","252","411","2015","0","1","0","1","49"
"2025/04/05","03:33:48","263","265","383","260","252","410","2015","0","1","0","1","50"
"2025/04/05","03:34:48","263","265","377","263","252","413","2015","0","1","0","1","100"
"2025/04/05","03:35:48","263","266","372","263","253","420","2020","0","1","0","1","100"
"2025/04/05","03:36:48","263","266","367","263","253","425","2020","0","1","0","1","100"
"2025/04/05","03:37:48","263","267","363","263","253","429","2020","0","1","0","1","100"
"2025/04/05","03:38:48","263","267","359","263","254","433","2020","0","1","0","1","100"
"2025/04/05","03:39:48","263","267","356","263","254","437","2020","0","1","0","1","100"
"2025/04/05","03:40:48","263","268","352","263","255","440","2020","1","1","1","1","100"
"2025/04/05","03:41:48","268","267","351","263","256","442","2020","1","1","1","100","100"
"2025/04/05","03:42:48","268","267","360","263","256","443","2020","1","1","1","100","100"
"2025/04/05","03:43:48","266","267","367","263","257","445","2020","1","1","1","100","100"
"2025/04/05","03:44:48","266","267","372","263","258","441","2020","1","1","1","1","1"
"2025/04/05","03:45:48","266","267","365","263","259","418","2020","1","1","1","1","1"
"2025/04/05","03:46:48","266","267","361","263","260","403","2045","1","1","1","25","1"
"2025/04/05","03:47:48","266","267","367","263","260","392","2045","1","1","1","70","1"
"2025/04/05","03:48:48","266","266","373","263","261","393","2045","1","1","1","91","100"
"2025/04/05","03:49:48","266","266","377","263","262","408","2045","1","1","1","100","62"
"2025/04/05","03:50:48","266","265","381","263","262","403","2045","1","1","1","100","1"
"2025/04/05","03:51:48","266","265","386","263","263","388","2045","1","1","1","100","1"
"2025/04/05","03:52:48","265","265","391","263","264","377","2131","1","1","1","100","1"
"2025/04/05","03:53:48","265","264","395","263","264","369","2131","1","1","1","100","1"
"2025/04/05","03:54:48","265","264","398","263","265","362","2131","1","1","1","100","1"
"2025/04/05","03:55:48","265","264","401","263","265","356","2131","1","1","1","100","1"
"2025/04/05","03:56:48","265","264","403","263","265","350","2131","1","1","1","100","1"
"2025/04/05","03:57:48","265","263","406","263","265","344","2131","1","1","1","100","1"
"2025/04/05","03:58:48","265","263","408","263","265","339","2131","1","1","1","100","1"
"2025/04/05","03:59:48","263","263","410","265","265","334","2131","1","1","1","4","42"
"2025/04/05","04:00:48","263","263","402","265","264","346","2131","1","1","1","1","100"
"2025/04/05","04:01:48","263","263","390","265","264","361","2131","1","1","1","1","100"
"2025/04/05","04:02:48","263","263","382","265","263","372","2131","1","1","1","3","100"
"2025/04/05","04:03:48","263","263","377","265","262","378","2131","1","1","1","38","100"
"2025/04/05","04:04:48","263","263","377","265","262","383","2131","1","1","1","25","100"
"2025/04/05","04:05:48","263","263","380","265","261","387","2131","1","1","1","58","100"
"2025/04/05","04:06:48","263","263","383","265","260","390","2131","1","1","1","56","100"
"2025/04/05","04:07:48","263","263","386","265","260","393","2131","1","1","1","53","100"
"2025/04/05","04:08:48","263","263","388","265","259","395","2131","1","1","1","61","100"
"2025/04/05","04:09:48","263","263","391","265","259","397","2131","1","1","1","63","100"
"2025/04/05","04:10:48","263","263","393","265","258","400","2131","1","1","1","67","100"
"2025/04/05","04:11:48","263","263","395","265","258","402","2131","1","1","1","85","100"
"2025/04/05","04:12:48","264","263","397","265","257","403","2202","1","1","1","99","100"
"2025/04/05","04:13:48","264","263","399","265","257","405","2202","1","1","1","100","100"
"2025/04/05","04:14:48","265","263","400","268","256","406","2254","1","1","1","100","100"
"2025/04/05","04:15:48","265","263","402","268","256","406","4004","1","1","1","100","100"
"2025/04/05","04:16:48","265","263","394","268","256","394","3005","0","0","0","100","100"
"2025/04/05","04:17:48","265","263","375","268","255","368","3005","0","0","0","100","100"
"2025/04/05","04:18:48","265","263","363","268","255","352","3005","1","1","1","100","100"
"2025/04/05","04:19:48","265","263","373","268","255","367","2211","1","1","1","100","100"
"2025/04/05","04:20:48","265","263","379","268","254","377","2209","1","1","1","100","100"
"2025/04/05","04:21:48","265","263","383","268","254","383","2209","1","1","1","100","100"
"2025/04/05","04:22:48","265","263","386","268","254","387","2209","1","1","1","100","100"
"2025/04/05","04:23:48","265","263","389","268","253","390","2209","1","1","1","100","100"
"2025/04/05","04:24:48","265","263","392","268","253","392","2209","1","1","1","100","100"
"2025/04/05","04:25:48","265","263","394","268","253","394","2209","1","1","1","100","100"
"2025/04/05","04:26:48","265","263","396","268","253","396","2209","1","1","1","100","100"
"2025/04/05","04:27:48","265","263","398","268","252","398","2131","1","1","1","100","100"
"2025/04/05","04:28:48","265","263","399","268","252","399","2131","1","1","1","100","100"
"2025/04/05","04:29:48","265","263","401","268","252","400","2131","1","1","1","100","100"
"2025/04/05","04:30:48","265","263","402","268","252","402","2131","1","1","1","100","100"
"2025/04/05","04:31:48","265","263","403","268","252","403","2131","1","1","1","100","100"
"2025/04/05","04:32:48","265","263","404","268","252","404","2131","1","1","1","100","100"
"2025/04/05","04:33:48","265","263","405","268","252","405","2131","1","1","1","100","100"
"2025/04/05","04:34:48","265","263","406","268","252","406","2131","1","1","1","100","100"
"2025/04/05","04:35:48","265","264","407","268","252","406","2131","1","1","1","100","100"
"2025/04/05","04:36:48","265","264","408","268","252","407","2131","1","1","1","100","100"
"2025/04/05","04:37:48","265","264","409","268","252","408","2131","1","1","1","100","100"
"2025/04/05","04:38:48","265","264","410","268","252","408","2131","1","1","1","100","100"
"2025/04/05","04:39:48","265","264","412","268","252","410","2131","1","1","1","100","100"
"2025/04/05","04:40:48","265","264","413","268","252","411","2131","1","1","1","100","100"
"2025/04/05","04:41:48","265","265","413","268","252","411","2131","1","1","1","96","100"
"2025/04/05","04:42:48","265","265","414","268","252","411","2131","1","1","1","94","100"
"2025/04/05","04:43:48","265","265","415","268","252","412","2131","1","1","1","29","100"
"2025/04/05","04:44:48","265","266","411","268","252","413","2131","1","1","1","15","100"
"2025/04/05","04:45:48","265","266","406","268","252","414","3052","1","1","1","1","100"
"2025/04/05","04:46:48","265","266","400","268","252","416","3052","1","1","1","1","100"
"2025/04/05","04:47:48","265","266","392","268","252","417","3052","1","1","1","17","100"
"2025/04/05","04:48:48","265","266","387","268","252","418","3052","1","1","1","1","100"
"2025/04/05","04:49:48","265","266","382","268","253","419","3052","1","1","1","5","100"
"2025/04/05","04:50:48","265","266","379","268","253","420","3052","1","1","1","10","100"
"2025/04/05","04:51:48","265","266","379","268","253","420","3052","1","1","1","29","100"
"2025/04/05","04:52:48","265","266","379","268","253","421","3052","1","1","1","44","100"
"2025/04/05","04:53:48","265","266","381","268","253","421","3052","1","1","1","22","100"
"2025/04/05","04:54:48","265","266","382","268","253","422","3052","1","1","1","53","100"
"2025/04/05","04:55:48","265","266","384","268","254","422","3052","1","1","1","20","100"
"2025/04/05","04:56:48","265","266","385","268","254","423","3052","1","1","1","67","100"
"2025/04/05","04:57:48","265","266","389","268","254","424","3052","1","1","1","29","100"
"2025/04/05","04:58:48","265","266","388","268","254","424","2130","1","1","1","62","100"
"2025/04/05","04:59:48","265","266","389","268","254","425","2130","1","1","1","32","100"
"2025/04/05","05:00:48","265","266","389","268","254","426","2130","1","1","1","4","100"
"2025/04/05","05:01:48","265","266","384","268","254","427","2130","1","1","1","39","100"
"2025/04/05","05:02:48","265","266","386","268","254","427","2130","1","1","1","18","100"
"2025/04/05","05:03:48","265","266","384","268","255","428","2130","1","1","1","29","100"
"2025/04/05","05:04:48","265","266","383","268","255","429","2130","1","1","1","28","100"
"2025/04/05","05:05:48","265","266","382","268","255","429","2130","1","1","1","4","100"
"2025/04/05","05:06:48","265","266","380","268","255","430","2130","1","1","1","43","100"
"2025/04/05","05:07:48","265","266","380","268","256","431","2130","1","1","1","30","100"
"2025/04/05","05:08:48","265","266","379","268","256","432","2130","1","1","1","23","100"
"2025/04/05","05:09:48","265","266","382","268","256","432","2130","1","1","1","51","100"
"2025/04/05","05:10:48","265","266","385","268","256","432","2130","1","1","1","31","100"
"2025/04/05","05:11:48","265","266","388","268","256","431","2130","1","1","1","57","100"
"2025/04/05","05:12:48","265","266","391","268","257","431","2130","1","1","1","69","100"
"2025/04/05","05:13:48","265","265","394","268","257","431","2130","1","1","1","87","100"
"2025/04/05","05:14:48","265","265","396","268","257","431","2130","1","1","1","86","100"
"2025/04/05","05:15:48","265","265","398","268","257","431","2130","1","1","1","97","100"
"2025/04/05","05:16:48","265","265","399","268","258","431","2130","1","1","1","87","100"
"2025/04/05","05:17:48","265","265","401","268","258","431","2130","1","1","1","100","100"
"2025/04/05","05:18:48","265","265","402","268","258","431","2130","1","1","1","100","100"
"2025/04/05","05:19:48","265","265","404","268","258","431","2130","1","1","1","100","100"
"2025/04/05","05:20:48","265","264","405","268","258","431","2130","1","1","1","100","100"
"2025/04/05","05:21:48","265","264","406","268","258","431","2130","1","1","1","100","100"
"2025/04/05","05:22:48","265","264","407","268","258","430","2130","1","1","1","100","100"
"2025/04/05","05:23:48","265","264","408","268","258","430","2130","1","1","1","100","100"
"2025/04/05","05:24:48","265","264","408","268","258","430","2130","1","1","1","100","100"
"2025/04/05","05:25:48","265","264","409","268","258","430","2130","1","1","1","100","100"
"2025/04/05","05:26:48","265","264","410","268","258","430","2130","1","1","1","95","100"
"2025/04/05","05:27:48","265","264","410","268","258","429","2130","1","1","1","92","100"
"2025/04/05","05:28:48","265","264","411","268","258","429","2130","1","1","1","99","100"
"2025/04/05","05:29:48","265","265","411","268","259","429","2130","1","1","1","87","100"
"2025/04/05","05:30:48","265","265","412","268","259","429","2130","1","1","1","78","100"
"2025/04/05","05:31:48","265","265","412","268","259","429","2130","1","1","1","78","100"
"2025/04/05","05:32:48","265","265","412","268","259","429","2130","1","1","1","44","100"
"2025/04/05","05:33:48","265","265","412","268","259","429","2130","1","1","1","29","100"
"2025/04/05","05:34:48","265","265","410","268","259","429","2130","1","1","1","23","100"
"2025/04/05","05:35:48","265","265","409","268","259","430","2130","1","1","1","1","100"
"2025/04/05","05:36:48","265","265","403","268","259","430","2130","1","1","1","16","100"
"2025/04/05","05:37:48","265","265","400","268","259","431","2130","1","1","1","3","100"
"2025/04/05","05:38:48","265","265","396","268","259","431","2130","1","1","1","54","100"
"2025/04/05","05:39:48","265","266","396","268","259","432","2130","1","1","1","11","100"
"2025/04/05","05:40:48","265","265","395","268","259","432","2130","1","1","1","39","100"
"2025/04/05","05:41:48","265","266","396","268","259","432","2130","1","1","1","12","100"
"2025/04/05","05:42:48","265","265","397","268","259","432","2130","1","1","1","27","100"
"2025/04/05","05:43:48","265","265","397","268","259","431","2130","1","1","1","29","100"
"2025/04/05","05:44:48","265","265","398","268","259","431","2130","1","1","1","41","100"
"2025/04/05","05:45:48","265","265","399","268","259","431","2100","1","1","1","13","100"
"2025/04/05","05:46:48","265","265","399","268","259","431","2100","1","1","1","17","100"
"2025/04/05","05:47:48","265","265","400","268","260","431","2100","1","1","1","7","100"
"2025/04/05","05:48:48","265","265","399","268","260","431","2100","1","1","1","54","100"
"2025/04/05","05:49:48","265","265","400","268","260","431","2100","1","1","1","29","100"
"2025/04/05","05:50:48","265","265","400","268","260","431","2100","1","1","1","33","100"
"2025/04/05","05:51:48","265","265","400","268","260","432","2100","1","1","1","43","100"
"2025/04/05","05:52:48","265","265","400","268","260","432","2100","1","1","1","24","100"
"2025/04/05","05:53:48","265","265","400","268","260","432","2100","1","1","1","17","100"
"2025/04/05","05:54:48","265","265","400","268","260","432","2100","1","1","1","42","100"
"2025/04/05","05:55:48","265","265","399","268","260","432","2100","1","1","1","53","100"
"2025/04/05","05:56:48","265","265","399","268","260","432","2100","1","1","1","78","100"
"2025/04/05","05:57:48","265","265","397","268","260","433","2100","1","1","1","28","100"
"2025/04/05","05:58:48","265","265","396","268","260","432","2100","1","1","1","36","100"
"2025/04/05","05:59:48","265","265","397","268","260","432","2100","1","1","1","66","100"
"2025/04/05","06:00:48","265","265","398","268","260","432","2100","1","1","1","70","100"
"2025/04/05","06:01:48","265","265","399","268","260","432","2100","1","1","1","42","100"
"2025/04/05","06:02:48","265","265","399","268","260","432","2100","1","1","1","35","100"
"2025/04/05","06:03:48","265","265","400","268","260","432","2100","1","1","1","56","100"
"2025/04/05","06:04:48","265","265","400","268","260","432","2100","1","1","1","25","100"
"2025/04/05","06:05:48","265","265","400","268","260","432","2100","1","1","1","52","100"
"2025/04/05","06:06:48","265","265","401","268","260","432","2100","1","1","1","61","100"
"2025/04/05","06:07:48","265","265","401","268","260","431","2100","1","1","1","46","100"
"2025/04/05","06:08:48","265","265","401","268","260","432","2100","1","1","1","10","100"
"2025/04/05","06:09:48","265","265","400","268","260","431","2100","1","1","1","72","100"
"2025/04/05","06:10:48","265","265","399","268","260","432","2100","1","1","1","50","100"
"2025/04/05","06:11:48","265","265","400","268","260","432","2100","1","1","1","24","100"
"2025/04/05","06:12:48","265","265","401","268","260","432","2100","1","1","1","16","100"
"2025/04/05","06:13:48","265","265","397","268","260","432","2100","1","1","1","29","100"
"2025/04/05","06:14:48","265","265","398","268","260","433","2100","1","1","1","13","100"
"2025/04/05","06:15:48","265","265","397","268","260","432","2100","1","1","1","54","100"
"2025/04/05","06:16:48","265","265","397","268","260","432","2100","1","1","1","32","100"
"2025/04/05","06:17:48","265","265","398","268","260","432","2100","1","1","1","17","100"
"2025/04/05","06:18:48","265","265","396","268","260","432","2100","1","1","1","30","100"
"2025/04/05","06:19:48","265","265","397","268","260","432","2100","1","1","1","26","100"
"2025/04/05","06:20:48","265","265","396","268","260","432","2100","1","1","1","66","100"
"2025/04/05","06:21:48","265","265","397","268","260","432","2100","1","1","1","18","100"
"2025/04/05","06:22:48","265","265","396","268","261","432","2100","1","1","1","27","100"
"2025/04/05","06:23:48","265","265","397","268","260","432","2100","1","1","1","37","100"
"2025/04/05","06:24:48","265","265","398","268","261","432","2100","1","1","1","20","100"
"2025/04/05","06:25:48","265","265","398","268","260","432","2100","1","1","1","71","100"
"2025/04/05","06:26:48","265","265","399","268","261","432","2100","1","1","1","52","100"
"2025/04/05","06:27:48","265","265","399","268","260","432","2100","1","1","1","25","100"
"2025/04/05","06:28:48","265","265","398","268","261","432","2100","1","1","1","40","100"
"2025/04/05","06:29:48","265","265","400","268","261","431","2100","1","1","1","22","100"
"2025/04/05","06:30:48","265","265","399","268","260","431","2100","1","1","1","24","100"
"2025/04/05","06:31:48","265","265","400","268","261","432","2100","1","1","1","7","100"
"2025/04/05","06:32:48","265","265","397","268","261","432","2100","1","1","1","38","100"
"2025/04/05","06:33:48","265","265","398","268","261","432","2100","1","1","1","22","100"
"2025/04/05","06:34:48","265","265","397","268","261","433","2100","1","1","1","26","100"
"2025/04/05","06:35:48","265","265","397","268","261","433","2100","1","1","1","32","100"
"2025/04/05","06:36:48","265","265","395","268","261","434","2100","1","1","1","44","100"
"2025/04/05","06:37:48","265","265","394","268","261","434","2100","1","1","1","50","100"
"2025/04/05","06:38:48","265","265","395","268","261","434","2100","1","1","1","52","100"
"2025/04/05","06:39:48","265","265","395","268","261","434","2100","1","1","1","24","100"
"2025/04/05","06:40:48","265","265","396","268","261","434","2100","1","1","1","24","100"
"2025/04/05","06:41:48","265","265","396","268","261","433","2100","1","1","1","2","100"
"2025/04/05","06:42:48","265","265","394","268","261","433","2100","1","1","1","27","100"
"2025/04/05","06:43:48","265","265","395","268","261","433","2100","1","1","1","31","100"
"2025/04/05","06:44:48","265","265","396","268","261","433","2100","1","1","1","58","100"
"2025/04/05","06:45:48","265","265","396","268","261","433","2100","1","1","1","25","100"
"2025/04/05","06:46:48","265","265","398","268","261","433","2100","1","1","1","75","100"
"2025/04/05","06:47:48","265","265","399","268","261","433","2100","1","1","1","11","100"
"2025/04/05","06:48:48","265","265","400","268","261","433","2100","1","1","1","27","100"
"2025/04/05","06:49:48","265","265","401","268","261","433","2100","1","1","1","43","100"
"2025/04/05","06:50:48","265","265","402","268","261","433","2100","1","1","1","30","100"
"2025/04/05","06:51:48","265","265","402","268","261","432","2100","1","1","1","68","100"
"2025/04/05","06:52:48","265","265","404","268","261","432","2100","1","1","1","10","100"
"2025/04/05","06:53:48","265","265","403","268","261","431","2100","1","1","1","26","100"
"2025/04/05","06:54:48","265","265","403","268","261","431","2100","1","1","1","19","100"
"2025/04/05","06:55:48","265","265","402","268","261","431","2100","1","1","1","14","100"
"2025/04/05","06:56:48","265","265","402","268","261","430","2100","1","1","1","9","100"
"2025/04/05","06:57:48","265","265","400","268","262","432","2100","1","1","1","71","100"
"2025/04/05","06:58:48","265","265","400","268","262","432","2100","1","1","1","37","100"
"2025/04/05","06:59:48","265","265","398","268","261","432","2100","1","1","1","43","100"
"2025/04/05","07:00:48","265","265","399","268","262","432","2100","1","1","1","4","100"
"2025/04/05","07:01:48","265","265","396","268","261","432","2100","1","1","1","27","100"
"2025/04/05","07:02:48","265","265","396","268","262","432","2100","1","1","1","35","100"
"2025/04/05","07:03:48","265","265","396","268","261","432","2100","1","1","1","80","100"
"2025/04/05","07:04:48","265","265","396","268","261","432","2100","1","1","1","40","100"
"2025/04/05","07:05:48","265","265","396","268","261","431","2100","1","1","1","20","100"
"2025/04/05","07:06:48","265","265","398","268","261","431","2100","1","1","1","10","100"
"2025/04/05","07:07:48","265","265","397","268","261","431","2100","1","1","1","15","100"
"2025/04/05","07:08:48","265","265","398","268","261","431","2100","1","1","1","46","100"
"2025/04/05","07:09:48","265","265","399","265","261","430","2100","1","1","1","49","100"
"2025/04/05","07:10:48","265","265","400","265","261","430","2100","1","1","1","46","100"
"2025/04/05","07:11:48","265","265","400","265","261","430","2100","1","1","1","29","100"
"2025/04/05","07:12:48","265","265","400","265","261","430","2100","1","1","1","48","100"
"2025/04/05","07:13:48","265","265","401","265","261","430","2100","1","1","1","22","100"
"2025/04/05","07:14:48","265","265","401","265","261","430","2100","1","1","1","41","100"
"2025/04/05","07:15:48","265","265","401","265","261","430","2100","1","1","1","55","100"
"2025/04/05","07:16:48","265","265","401","265","261","430","2100","1","1","1","24","100"
"2025/04/05","07:17:48","265","265","401","265","261","430","2100","1","1","1","28","100"
"2025/04/05","07:18:48","265","265","401","265","261","430","2100","1","1","1","24","100"
"2025/04/05","07:19:48","265","265","400","265","261","430","2100","1","1","1","2","100"
"2025/04/05","07:20:48","265","265","399","265","261","429","2100","1","1","1","37","100"
"2025/04/05","07:21:48","265","265","399","265","261","429","2100","1","1","1","48","100"
"2025/04/05","07:22:48","265","265","400","265","261","430","2100","1","1","1","24","100"
"2025/04/05","07:23:48","265","265","400","265","261","430","2100","1","1","1","44","100"
"2025/04/05","07:24:48","265","265","399","265","261","431","2100","1","1","1","25","100"
"2025/04/05","07:25:48","265","265","400","265","261","431","2100","1","1","1","7","100"
"2025/04/05","07:26:48","265","265","398","265","261","432","2100","1","1","1","24","100"
"2025/04/05","07:27:48","265","265","398","265","261","432","2100","1","1","1","78","100"
"2025/04/05","07:28:48","265","265","399","265","261","431","2100","1","1","1","36","100"
"2025/04/05","07:29:48","265","265","400","265","261","431","2100","1","1","1","22","100"
"2025/04/05","07:30:48","265","265","399","265","261","431","2100","1","1","1","69","100"
"2025/04/05","07:31:48","265","265","397","265","261","432","2100","1","1","1","55","100"
"2025/04/05","07:32:48","265","265","398","265","261","432","2100","1","1","1","59","100"
"2025/04/05","07:33:48","265","265","400","265","261","432","2100","1","1","1","80","100"
"2025/04/05","07:34:48","265","265","400","265","261","431","2100","1","1","1","11","100"
"2025/04/05","07:35:48","265","265","398","265","261","432","2100","1","1","1","44","100"
"2025/04/05","07:36:48","265","265","400","265","261","431","2100","1","1","1","18","100"
"2025/04/05","07:37:48","265","265","401","265","260","431","2100","1","1","1","24","100"
"2025/04/05","07:38:48","265","265","401","265","260","430","2100","1","1","1","51","100"
"2025/04/05","07:39:48","265","265","402","265","260","430","2100","1","1","1","18","100"
"2025/04/05","07:40:48","265","265","401","265","260","430","2100","1","1","1","43","100"
"2025/04/05","07:41:48","265","265","401","265","260","430","2100","1","1","1","30","100"
"2025/04/05","07:42:48","265","265","399","265","260","430","2100","1","1","1","35","100"
"2025/04/05","07:43:48","265","265","400","265","260","430","2100","1","1","1","50","100"
"2025/04/05","07:44:48","265","265","397","265","260","430","2100","1","1","1","40","100"
"2025/04/05","07:45:48","265","265","397","265","260","429","2100","1","1","1","16","100"
"2025/04/05","07:46:48","265","265","397","265","260","430","2100","1","1","1","52","100"
"2025/04/05","07:47:48","265","265","397","265","260","429","2100","1","1","1","29","100"
"2025/04/05","07:48:48","265","265","397","265","260","429","2100","1","1","1","26","100"
"2025/04/05","07:49:48","265","265","396","265","261","429","2100","1","1","1","51","100"
"2025/04/05","07:50:48","265","265","396","265","261","430","2100","1","1","1","31","100"
"2025/04/05","07:51:48","265","265","396","265","261","430","2100","1","1","1","25","100"
"2025/04/05","07:52:48","265","265","398","265","261","430","2100","1","1","1","22","100"
"2025/04/05","07:53:48","265","265","397","265","261","430","2100","1","1","1","58","100"
"2025/04/05","07:54:48","265","265","397","265","261","430","2100","1","1","1","9","100"
"2025/04/05","07:55:48","265","265","397","265","261","431","2100","1","1","1","14","100"
"2025/04/05","07:56:48","265","265","393","265","261","432","2100","1","1","1","23","100"
"2025/04/05","07:57:48","265","265","394","265","261","431","2100","1","1","1","43","100"
"2025/04/05","07:58:48","265","265","394","265","261","432","2100","1","1","1","50","100"
"2025/04/05","07:59:48","265","265","395","265","261","431","2100","1","1","1","41","100"
"2025/04/05","08:00:48","265","265","394","265","261","432","2100","1","1","1","28","100"
"2025/04/05","08:01:48","265","265","396","265","261","432","2100","1","1","1","47","100"
"2025/04/05","08:02:48","265","265","396","265","261","432","2100","1","1","1","49","100"
"2025/04/05","08:03:48","265","265","396","265","261","432","2100","1","1","1","38","100"
"2025/04/05","08:04:48","265","265","397","265","261","432","2100","1","1","1","30","100"
"2025/04/05","08:05:48","265","265","397","265","261","432","2100","1","1","1","18","100"
"2025/04/05","08:06:48","265","265","396","265","261","432","2100","1","1","1","46","100"
"2025/04/05","08:07:48","265","265","396","265","261","432","2100","1","1","1","40","100"
"2025/04/05","08:08:48","265","265","395","265","261","433","2100","1","1","1","38","100"
"2025/04/05","08:09:48","265","265","395","265","261","433","2100","1","1","1","17","100"
"2025/04/05","08:10:48","265","265","394","265","261","432","2100","1","1","1","10","100"
"2025/04/05","08:11:48","265","265","393","265","261","433","2100","1","1","1","34","100"
"2025/04/05","08:12:48","265","265","395","265","261","433","2100","1","1","1","25","100"
"2025/04/05","08:13:48","265","265","396","265","261","433","2100","1","1","1","11","100"
"2025/04/05","08:14:48","265","265","395","265","261","434","2100","1","1","1","67","100"
"2025/04/05","08:15:48","265","265","396","265","261","433","2100","1","1","1","29","100"
"2025/04/05","08:16:48","265","265","398","265","261","433","2100","1","1","1","28","100"
"2025/04/05","08:17:48","265","265","399","265","261","433","2100","1","1","1","17","100"
"2025/04/05","08:18:48","265","265","398","265","261","432","2100","1","1","1","33","100"
"2025/04/05","08:19:48","265","265","396","265","261","433","2100","1","1","1","43","100"
"2025/04/05","08:20:48","265","265","396","265","262","433","2100","1","1","1","24","100"
"2025/04/05","08:21:48","265","265","397","265","262","432","2100","1","1","1","35","100"
"2025/04/05","08:22:48","265","265","396","265","261","432","2124","0","1","1","53","100"
"2025/04/05","08:23:48","265","265","398","265","261","432","2130","0","1","1","13","100"
"2025/04/05","08:24:48","265","265","398","265","262","432","2130","0","1","1","21","100"
"2025/04/05","08:25:48","265","265","398","265","261","431","2130","0","1","1","10","100"
"2025/04/05","08:26:48","265","265","397","265","262","432","2130","0","1","1","28","100"
"2025/04/05","08:27:48","265","265","395","265","262","433","2130","0","1","1","12","100"
"2025/04/05","08:28:48","265","265","391","265","262","433","2130","0","1","1","20","100"
"2025/04/05","08:29:48","265","265","390","265","262","433","2130","0","1","1","11","100"
"2025/04/05","08:30:48","265","265","389","265","262","434","2130","0","1","1","25","100"
"2025/04/05","08:31:48","265","265","389","265","262","434","2130","0","1","1","19","100"
"2025/04/05","08:32:48","265","265","386","265","262","435","2130","0","1","1","19","100"
"2025/04/05","08:33:48","265","265","382","265","262","435","2130","0","1","1","28","100"
"2025/04/05","08:34:48","265","266","380","265","262","436","2130","0","1","1","12","100"
"2025/04/05","08:35:48","265","265","380","265","262","436","2130","0","1","1","11","100"
"2025/04/05","08:36:48","265","265","380","265","262","436","2130","0","1","1","22","100"
"2025/04/05","08:37:48","265","265","381","265","262","435","2130","0","1","1","9","100"
"2025/04/05","08:38:48","265","265","381","265","262","435","2100","1","1","1","31","100"
"2025/04/05","08:39:48","265","265","383","265","262","435","2100","1","1","1","9","100"
"2025/04/05","08:40:48","265","265","385","265","262","435","2100","1","1","1","40","100"
"2025/04/05","08:41:48","265","265","387","265","262","435","2100","1","1","1","42","100"
"2025/04/05","08:42:48","265","265","389","265","262","435","2100","1","1","1","45","100"
"2025/04/05","08:43:48","265","265","391","265","262","435","2100","1","1","1","33","100"
"2025/04/05","08:44:48","265","265","392","265","262","435","2100","1","1","1","38","100"
"2025/04/05","08:45:48","265","265","394","265","262","436","2100","1","1","1","48","100"
"2025/04/05","08:46:48","265","265","395","265","262","435","2100","1","1","1","8","100"
"2025/04/05","08:47:48","265","265","396","265","262","436","2100","1","1","1","53","100"
"2025/04/05","08:48:48","265","265","397","265","263","436","2100","1","1","1","15","100"
"2025/04/05","08:49:48","265","265","395","265","263","436","2100","1","1","1","18","100"
"2025/04/05","08:50:48","265","265","395","265","263","436","2100","1","1","1","4","100"
"2025/04/05","08:51:48","265","265","392","265","263","437","2100","1","1","1","8","100"
"2025/04/05","08:52:48","265","265","389","265","263","437","2100","1","1","1","9","100"
"2025/04/05","08:53:48","265","265","388","265","263","437","2100","1","1","1","16","100"
"2025/04/05","08:54:48","265","265","386","265","263","439","2100","1","1","1","25","100"
"2025/04/05","08:55:48","265","265","384","265","264","439","2100","1","1","1","8","100"
"2025/04/05","08:56:48","265","265","383","265","264","440","2100","1","1","1","2","100"
"2025/04/05","08:57:48","265","265","380","265","264","440","2100","1","1","1","21","100"
"2025/04/05","08:58:48","265","265","380","265","264","440","2100","1","1","1","7","100"
"2025/04/05","08:59:48","265","265","379","265","264","440","2100","1","1","1","19","100"
"2025/04/05","09:00:48","265","265","380","265","264","440","2100","1","1","1","9","100"
"2025/04/05","09:01:48","265","265","377","265","264","440","2100","1","1","1","43","100"
"2025/04/05","09:02:48","265","265","378","265","264","440","2100","1","1","1","5","100"
"2025/04/05","09:03:48","265","265","379","265","264","440","2100","1","1","1","6","100"
"2025/04/05","09:04:48","265","265","380","265","264","440","2100","1","1","1","8","100"
"2025/04/05","09:05:48","265","265","381","265","264","440","2100","1","1","1","24","100"
"2025/04/05","09:06:48","265","265","382","265","264","440","2100","1","1","1","30","100"
"2025/04/05","09:07:48","265","265","382","265","264","439","2100","1","1","1","27","100"
"2025/04/05","09:08:48","265","265","384","265","264","439","2100","1","1","1","10","100"
"2025/04/05","09:09:48","265","265","383","265","264","439","2130","1","1","1","70","100"
"2025/04/05","09:10:48","265","265","385","265","264","438","2130","1","1","1","15","100"
"2025/04/05","09:11:48","265","265","386","265","264","438","2130","1","1","1","30","100"
"2025/04/05","09:12:48","265","265","387","265","264","438","2130","1","1","1","21","100"
"2025/04/05","09:13:48","265","265","386","265","264","438","2130","1","1","1","11","100"
"2025/04/05","09:14:48","265","265","385","265","264","438","2130","1","1","1","3","100"
"2025/04/05","09:15:48","265","265","383","265","264","438","2130","1","1","1","22","100"
"2025/04/05","09:16:48","265","265","382","265","264","439","2130","1","1","1","11","100"
"2025/04/05","09:17:48","265","265","381","265","264","439","2130","1","1","1","8","100"
"2025/04/05","09:18:48","265","265","381","265","264","439","2130","1","1","1","7","100"
"2025/04/05","09:19:48","265","265","380","265","265","439","2130","1","1","1","10","100"
"2025/04/05","09:20:48","265","265","380","265","265","439","2130","1","1","1","10","100"
"2025/04/05","09:21:48","265","265","378","265","265","440","2130","1","1","1","39","100"
"2025/04/05","09:22:48","265","265","379","265","265","440","2130","1","1","1","14","100"
"2025/04/05","09:23:48","265","265","381","265","265","440","2130","1","1","1","9","100"
"2025/04/05","09:24:48","265","265","380","265","265","440","2130","1","1","1","48","100"
"2025/04/05","09:25:48","265","265","381","265","265","440","2130","1","1","1","38","100"
"2025/04/05","09:26:48","265","265","382","265","265","440","2130","1","1","1","5","100"
"2025/04/05","09:27:48","265","265","380","265","265","440","2130","1","1","1","41","100"
"2025/04/05","09:28:48","265","265","381","265","265","440","2130","1","1","1","48","100"
"2025/04/05","09:29:48","265","265","382","265","265","441","2130","1","1","1","20","100"
"2025/04/05","09:30:48","265","265","382","265","265","441","2130","1","1","1","20","100"
"2025/04/05","09:31:48","265","265","383","265","265","441","2130","1","1","1","12","100"
"2025/04/05","09:32:48","265","265","383","265","265","441","2130","1","1","1","24","100"
"2025/04/05","09:33:48","265","265","384","265","265","440","2130","1","1","1","16","100"
"2025/04/05","09:34:48","265","265","385","265","265","440","2130","1","1","1","7","100"
"2025/04/05","09:35:48","265","265","385","265","265","440","2130","1","1","1","36","100"
"2025/04/05","09:36:48","265","265","384","265","265","439","2130","1","1","1","32","100"
"2025/04/05","09:37:48","265","265","385","265","265","439","2130","1","1","1","17","97"
"2025/04/05","09:38:48","265","265","385","265","265","439","2130","1","1","1","31","99"
"2025/04/05","09:39:48","265","265","382","265","265","439","2130","1","1","1","39","100"
"2025/04/05","09:40:48","265","265","384","265","265","439","2130","1","1","1","2","100"
"2025/04/05","09:41:48","265","265","381","265","265","439","2130","1","1","1","28","100"
"2025/04/05","09:42:48","265","265","378","265","265","439","2130","1","1","1","29","100"
"2025/04/05","09:43:48","265","265","380","265","265","439","2130","1","1","1","24","100"
"2025/04/05","09:44:48","265","265","380","265","265","439","2130","1","1","1","54","100"
"2025/04/05","09:45:48","265","265","382","265","265","439","2130","1","1","1","27","86"
"2025/04/05","09:46:48","265","265","381","265","265","439","2130","1","1","1","14","100"
"2025/04/05","09:47:48","265","265","381","265","265","439","2130","1","1","1","37","86"
"2025/04/05","09:48:48","265","265","383","265","265","437","2130","1","1","1","53","68"
"2025/04/05","09:49:48","265","265","382","265","265","436","2130","1","1","1","19","63"
"2025/04/05","09:50:48","265","265","381","265","265","433","2130","1","1","1","15","85"
"2025/04/05","09:51:48","265","265","384","265","265","430","2130","1","1","1","15","77"
"2025/04/05","09:52:48","265","265","381","265","265","429","2130","1","1","1","44","74"
"2025/04/05","09:53:48","265","265","383","265","266","427","2130","1","1","1","4","79"
"2025/04/05","09:54:48","265","265","382","265","266","423","2130","1","1","1","11","72"
"2025/04/05","09:55:48","265","265","382","265","266","425","2130","1","1","1","1","76"
"2025/04/05","09:56:48","265","265","381","265","265","428","2130","1","1","1","6","72"
"2025/04/05","09:57:48","265","265","380","265","265","430","2130","1","1","1","70","98"
"2025/04/05","09:58:48","265","265","382","265","265","432","2130","1","1","1","11","100"
"2025/04/05","09:59:48","265","265","382","265","265","434","2130","1","1","1","8","100"
"2025/04/05","10:00:48","265","265","383","265","265","435","2130","1","1","1","27","100"
"2025/04/05","10:01:48","265","265","384","265","265","436","2130","1","1","1","17","77"
"2025/04/05","10:02:48","265","265","383","265","265","437","2130","1","1","1","23","98"
"2025/04/05","10:03:48","265","265","383","265","265","438","2130","1","1","1","24","83"
"2025/04/05","10:04:48","265","265","382","265","265","438","2130","1","1","1","42","100"
"2025/04/05","10:05:48","265","265","381","265","265","439","2130","1","1","1","2","87"
"2025/04/05","10:06:48","265","265","379","265","265","439","2130","1","1","1","7","99"
"2025/04/05","10:07:48","265","265","380","265","265","439","2130","1","1","1","8","100"
"2025/04/05","10:08:48","265","265","380","265","265","439","2130","1","1","1","9","100"
"2025/04/05","10:09:48","265","265","380","265","265","439","2130","1","1","1","40","77"
"2025/04/05","10:10:48","265","265","382","265","265","438","2130","1","1","1","1","94"
"2025/04/05","10:11:48","265","265","381","265","265","438","2130","1","1","1","27","82"
"2025/04/05","10:12:48","265","265","382","265","265","437","2130","1","1","1","26","86"
"2025/04/05","10:13:48","265","265","384","265","265","437","2130","1","1","1","6","100"
"2025/04/05","10:14:48","265","265","383","265","265","438","2130","1","1","1","47","84"
"2025/04/05","10:15:48","265","265","384","265","265","432","2130","0","1","1","65","65"
"2025/04/05","10:16:48","265","265","385","265","265","432","2130","0","1","1","54","88"
"2025/04/05","10:17:48","265","265","387","265","265","433","2130","0","1","1","12","79"
"2025/04/05","10:18:48","265","265","387","265","265","432","2130","0","1","1","39","65"
"2025/04/05","10:19:48","265","265","387","265","266","427","2130","0","1","1","23","24"
"2025/04/05","10:20:48","265","265","387","265","265","421","2130","0","1","1","17","78"
"2025/04/05","10:21:48","265","265","386","265","265","425","2130","0","1","1","4","64"
"2025/04/05","10:22:48","265","265","383","265","265","427","2130","0","1","1","9","79"
"2025/04/05","10:23:48","265","265","384","265","265","427","2130","0","1","1","11","74"
"2025/04/05","10:24:48","265","265","383","265","265","429","2130","0","1","1","31","95"
"2025/04/05","10:25:48","265","265","382","265","265","431","2130","0","1","1","5","98"
"2025/04/05","10:26:48","265","265","381","265","265","433","2130","0","1","1","8","98"
"2025/04/05","10:27:48","265","265","383","265","265","434","2130","0","1","1","7","100"
"2025/04/05","10:28:48","265","265","382","265","265","435","2130","0","1","1","57","96"
"2025/04/05","10:29:48","265","265","383","265","265","436","2130","0","1","1","23","100"
"2025/04/05","10:30:48","265","265","386","265","265","436","2130","0","1","1","12","97"
"2025/04/05","10:31:48","265","265","387","265","265","436","2130","0","1","1","30","100"
"2025/04/05","10:32:48","265","265","389","265","265","436","2130","0","1","1","55","100"
"2025/04/05","10:33:48","265","265","388","265","265","437","2130","1","1","1","57","86"
"2025/04/05","10:34:48","265","265","390","265","265","436","2130","1","1","1","33","74"
"2025/04/05","10:35:48","265","265","391","265","265","436","2130","1","1","1","12","100"
"2025/04/05","10:36:48","265","265","391","265","265","436","2130","1","1","1","7","100"
"2025/04/05","10:37:48","265","265","391","265","265","437","2130","1","1","1","21","100"
"2025/04/05","10:38:48","265","265","390","265","265","436","2130","1","1","1","28","99"
"2025/04/05","10:39:48","265","265","389","265","265","436","2130","1","1","1","12","100"
"2025/04/05","10:40:48","265","265","389","265","265","436","2130","1","1","1","6","100"
"2025/04/05","10:41:48","265","265","388","265","265","437","2130","1","1","1","16","100"
"2025/04/05","10:42:48","265","265","387","265","265","436","2130","1","1","1","4","90"
"2025/04/05","10:43:48","265","265","385","265","265","436","2130","1","1","1","22","100"
"2025/04/05","10:44:48","265","265","386","265","265","436","2130","1","1","1","42","91"
"2025/04/05","10:45:48","265","265","384","265","265","436","2130","1","1","1","28","61"
"2025/04/05","10:46:48","265","265","386","265","265","435","2130","1","1","1","35","75"
"2025/04/05","10:47:48","265","265","384","265","265","429","2130","1","1","1","2","82"
"2025/04/05","10:48:48","265","265","381","265","265","430","2130","1","1","1","4","97"
"2025/04/05","10:49:48","265","265","381","265","265","430","2130","1","1","1","11","32"
"2025/04/05","10:50:48","265","265","380","265","265","427","2130","1","1","1","20","100"
"2025/04/05","10:51:48","265","265","382","265","265","429","2130","1","1","1","16","89"
"2025/04/05","10:52:48","265","265","381","265","265","430","2130","1","1","1","32","93"
"2025/04/05","10:53:48","265","265","381","265","265","430","2130","1","1","1","15","68"
"2025/04/05","10:54:48","265","265","381","265","265","430","2130","1","1","1","67","99"
"2025/04/05","10:55:48","265","265","380","265","265","433","2130","1","1","1","52","98"
"2025/04/05","10:56:48","265","265","381","265","265","434","2130","1","1","1","18","89"
"2025/04/05","10:57:48","265","265","383","265","265","434","2130","1","1","1","36","100"
"2025/04/05","10:58:48","265","265","384","265","265","434","2130","1","1","1","24","100"
"2025/04/05","10:59:48","265","265","384","265","265","434","2130","1","1","1","27","95"
"2025/04/05","11:00:48","265","265","384","265","265","434","2130","1","1","1","21","100"
"2025/04/05","11:01:48","265","265","384","265","265","435","2130","1","1","1","11","100"
"2025/04/05","11:02:48","265","265","381","265","265","436","2130","1","1","1","62","100"
"2025/04/05","11:03:48","265","265","383","265","265","436","2130","1","1","1","48","100"
"2025/04/05","11:04:48","265","265","384","265","265","437","2130","1","1","1","51","100"
"2025/04/05","11:05:48","265","265","385","265","265","437","2130","1","1","1","36","100"
"2025/04/05","11:06:48","265","265","386","265","265","437","2130","1","1","1","12","100"
"2025/04/05","11:07:48","265","265","387","265","265","437","2130","1","1","1","3","100"
"2025/04/05","11:08:48","265","265","384","265","265","438","2130","1","1","1","6","100"
"2025/04/05","11:09:48","265","265","382","265","265","439","2130","1","1","1","3","85"
"2025/04/05","11:10:48","265","265","381","265","265","439","2130","1","1","1","42","85"
"2025/04/05","11:11:48","265","265","379","265","265","432","2130","1","1","1","18","60"
"2025/04/05","11:12:48","265","265","379","265","265","430","2130","1","1","1","11","48"
"2025/04/05","11:13:48","265","265","380","265","265","426","2130","1","1","1","48","46"
"2025/04/05","11:14:48","265","265","381","265","266","421","2130","1","1","1","25","18"
"2025/04/05","11:15:48","260","265","382","265","265","415","2130","0","1","0","3","48"
"2025/04/05","11:16:48","260","265","375","265","266","412","2030","0","1","0","1","54"
"2025/04/05","11:17:48","260","265","367","265","265","412","2030","0","1","0","1","77"
"2025/04/05","11:18:48","260","265","361","265","265","418","2030","0","1","0","1","67"
"2025/04/05","11:19:48","260","265","355","265","265","420","2030","0","1","0","1","60"
"2025/04/05","11:20:48","260","265","350","265","265","414","2030","0","1","0","1","74"
"2025/04/05","11:21:48","260","265","346","265","265","418","2030","0","1","0","1","72"
"2025/04/05","11:22:48","260","264","341","265","265","421","2030","0","1","0","1","61"
"2025/04/05","11:23:48","260","264","337","265","265","418","2030","0","1","0","1","68"
"2025/04/05","11:24:48","260","263","334","265","265","420","2030","0","1","0","1","62"
"2025/04/05","11:25:48","265","263","333","264","264","421","2000","0","1","0","92","7"
"2025/04/05","11:26:48","260","262","342","264","264","407","2000","0","1","0","16","56"
"2025/04/05","11:27:48","260","262","344","264","264","413","2000","0","1","0","1","93"
"2025/04/05","11:28:48","260","262","339","260","264","414","2000","0","1","0","1","1"
"2025/04/05","11:29:48","260","261","336","260","264","394","2000","0","1","0","1","1"
"2025/04/05","11:30:48","260","261","340","260","264","380","2000","0","1","0","43","1"
"2025/04/05","11:31:48","260","261","342","260","263","369","2000","0","1","0","1","1"
"2025/04/05","11:32:48","260","260","338","260","263","359","2000","0","1","0","6","1"
"2025/04/05","11:33:48","260","260","343","260","263","352","2000","0","1","0","5","1"
"2025/04/05","11:34:48","260","260","341","260","262","346","2000","0","1","0","1","1"
"2025/04/05","11:35:48","260","260","340","260","262","341","2000","0","1","0","90","11"
"2025/04/05","11:36:48","260","260","344","260","262","347","2000","0","1","0","1","43"
"2025/04/05","11:37:48","260","259","339","260","261","354","2000","1","1","1","92","1"
"2025/04/05","11:38:48","260","259","346","260","261","344","2000","1","1","1","100","1"
"2025/04/05","11:39:48","260","258","352","260","260","344","2000","1","1","1","100","91"
"2025/04/05","11:40:48","260","258","357","260","260","356","2000","1","1","1","100","1"
"2025/04/05","11:41:48","260","258","363","260","260","346","2000","1","1","1","100","1"
"2025/04/05","11:42:48","260","258","368","260","260","346","2000","1","1","1","100","84"
"2025/04/05","11:43:48","260","257","371","260","260","357","2000","1","1","1","92","2"
"2025/04/05","11:44:48","260","257","376","260","259","346","2000","1","1","1","75","1"
"2025/04/05","11:45:48","260","257","379","260","259","350","2000","1","1","1","66","69"
"2025/04/05","11:46:48","260","256","381","260","259","360","2100","1","1","1","58","100"
"2025/04/05","11:47:48","260","256","383","260","258","370","2100","1","1","1","53","100"
"2025/04/05","11:48:48","260","256","384","260","258","376","2100","1","1","1","49","100"
"2025/04/05","11:49:48","260","256","386","260","258","380","2100","1","1","1","45","100"
"2025/04/05","11:50:48","260","256","386","260","258","384","2100","1","1","1","43","100"
"2025/04/05","11:51:48","260","257","387","260","257","386","2100","1","1","1","40","98"
"2025/04/05","11:52:48","260","257","388","260","257","389","2030","1","1","1","38","93"
"2025/04/05","11:53:48","260","257","388","260","257","391","2030","1","1","1","38","86"
"2025/04/05","11:54:48","260","257","389","260","256","392","2030","1","1","1","34","77"
"2025/04/05","11:55:48","260","257","389","260","256","393","2030","1","1","1","34","69"
"2025/04/05","11:56:48","260","257","390","260","256","394","2030","1","1","1","30","61"
"2025/04/05","11:57:48","260","258","390","260","256","394","2030","1","1","1","29","53"
"2025/04/05","11:58:48","260","258","391","260","255","393","2030","1","1","1","26","51"
"2025/04/05","11:59:48","260","258","391","260","255","392","2030","1","1","1","26","49"
"2025/04/05","12:00:48","260","258","389","260","255","391","2030","1","1","1","39","51"
"2025/04/05","12:01:48","260","259","391","260","255","391","2030","1","1","1","28","49"
"2025/04/05","12:02:48","260","259","390","260","254","390","2030","1","1","1","1","53"
"2025/04/05","12:03:48","260","259","387","260","254","390","2030","1","1","1","46","51"
"2025/04/05","12:04:48","260","260","390","260","254","390","2030","1","1","1","21","52"
"2025/04/05","12:05:48","260","260","390","260","254","390","2030","1","1","1","31","51"
"2025/04/05","12:06:48","260","260","387","260","254","391","2030","1","1","1","4","49"
"2025/04/05","12:07:48","260","260","383","260","254","390","2030","1","1","1","11","52"
"2025/04/05","12:08:48","260","260","378","260","254","391","2030","1","1","1","1","49"
"2025/04/05","12:09:48","263","260","375","260","253","390","2030","1","1","1","100","52"
"2025/04/05","12:10:48","263","261","380","260","253","390","2030","1","1","1","65","52"
"2025/04/05","12:11:48","263","261","383","260","253","390","2030","1","1","1","53","52"
"2025/04/05","12:12:48","263","261","386","260","253","390","2030","1","1","1","43","54"
"2025/04/05","12:13:48","263","261","388","260","253","390","2030","1","1","1","38","53"
"2025/04/05","12:14:48","263","261","389","260","253","390","2030","1","1","1","33","53"
"2025/04/05","12:15:48","263","261","390","260","253","390","2030","1","1","1","29","50"
"2025/04/05","12:16:48","263","261","391","260","253","390","2030","1","1","1","26","51"
"2025/04/05","12:17:48","263","261","392","260","252","390","2030","1","1","1","26","52"
"2025/04/05","12:18:48","263","261","392","260","252","390","2030","1","1","1","26","52"
"2025/04/05","12:19:48","263","261","392","260","252","390","2030","1","1","1","25","52"
"2025/04/05","12:20:48","263","262","391","260","252","390","2030","1","1","1","27","52"
"2025/04/05","12:21:48","263","262","391","260","252","390","2030","1","1","1","26","52"
"2025/04/05","12:22:48","263","262","392","260","252","390","2030","1","1","1","25","51"
"2025/04/05","12:23:48","263","262","391","260","252","390","2030","1","1","1","33","51"
"2025/04/05","12:24:48","263","262","392","260","252","390","2030","1","1","1","26","53"
"2025/04/05","12:25:48","263","262","390","260","252","390","2030","1","1","1","1","51"
"2025/04/05","12:26:48","263","262","389","260","252","390","2030","1","1","1","36","54"
"2025/04/05","12:27:48","263","262","391","260","252","390","2030","1","1","1","27","52"
"2025/04/05","12:28:48","263","262","392","260","252","390","2030","1","1","1","2","53"
"2025/04/05","12:29:48","263","263","390","260","252","390","2030","1","1","1","36","51"
"2025/04/05","12:30:48","263","263","391","260","252","390","2030","1","1","1","26","52"
"2025/04/05","12:31:48","263","263","388","260","252","390","2030","1","1","1","57","51"
"2025/04/05","12:32:48","263","263","390","260","252","390","2030","1","1","1","28","52"
"2025/04/05","12:33:48","263","263","391","260","251","390","2030","1","1","1","19","51"
"2025/04/05","12:34:48","263","263","388","260","251","390","2030","1","1","1","51","50"
"2025/04/05","12:35:48","263","263","390","260","251","390","2030","1","1","1","31","53"
"2025/04/05","12:36:48","263","263","391","260","251","390","2030","1","1","1","27","51"
"2025/04/05","12:37:48","263","263","387","260","251","391","2030","1","1","1","43","49"
"2025/04/05","12:38:48","263","263","388","260","251","389","2030","1","1","1","37","53"
"2025/04/05","12:39:48","263","263","390","260","251","390","2030","1","1","1","29","52"
"2025/04/05","12:40:48","263","263","391","260","251","390","2030","1","1","1","1","52"
"2025/04/05","12:41:48","263","263","388","260","251","390","2030","1","1","1","45","51"
"2025/04/05","12:42:48","263","263","391","260","251","390","2030","1","1","1","27","52"
"2025/04/05","12:43:48","263","263","387","260","251","390","2030","1","1","1","26","50"
"2025/04/05","12:44:48","263","263","389","260","251","390","2030","1","1","1","37","53"
"2025/04/05","12:45:48","263","263","391","260","251","390","2030","1","1","1","29","52"
"2025/04/05","12:46:48","263","263","388","260","251","390","2030","1","1","1","10","50"
"2025/04/05","12:47:48","263","263","388","260","251","389","2030","1","1","1","45","55"
"2025/04/05","12:48:48","263","263","390","260","251","390","2030","1","1","1","26","54"
"2025/04/05","12:49:48","263","263","390","260","251","391","2030","1","1","1","1","50"
"2025/04/05","12:50:48","263","263","386","260","251","390","2030","1","1","1","60","51"
"2025/04/05","12:51:48","263","263","388","260","251","390","2030","1","1","1","34","52"
"2025/04/05","12:52:48","263","263","390","260","251","390","2030","1","1","1","4","52"
"2025/04/05","12:53:48","263","263","388","260","250","390","2030","1","1","1","38","50"
"2025/04/05","12:54:48","263","263","390","260","251","390","2000","1","1","1","24","54"
"2025/04/05","12:55:48","263","263","389","260","251","380","2000","1","1","1","7","43"
"2025/04/05","12:56:48","263","263","388","260","250","380","2000","1","1","1","29","44"
"2025/04/05","12:57:48","263","263","388","260","250","379","2000","1","1","1","26","48"
"2025/04/05","12:58:48","263","263","387","260","250","380","2000","1","1","1","28","46"
"2025/04/05","12:59:48","263","264","386","260","250","379","2000","1","1","1","16","49"
"2025/04/05","13:00:48","263","263","387","260","250","380","2000","1","1","1","17","48"
"2025/04/05","13:01:48","263","263","388","260","250","380","2000","1","1","1","17","48"
"2025/04/05","13:02:48","263","263","388","260","250","380","2000","1","1","1","32","48"
"2025/04/05","13:03:48","263","263","389","260","250","380","2000","1","1","1","23","48"
"2025/04/05","13:04:48","263","263","389","260","250","379","2000","1","1","1","34","51"
"2025/04/05","13:05:48","263","263","387","260","250","380","2000","1","1","1","12","49"
"2025/04/05","13:06:48","263","263","387","260","249","380","2000","1","1","1","37","49"
"2025/04/05","13:07:48","263","263","385","260","249","380","2000","1","1","1","40","48"
"2025/04/05","13:08:48","263","263","387","260","249","380","2000","1","1","1","5","48"
"2025/04/05","13:09:48","263","263","384","260","249","380","2000","1","1","1","54","47"
"2025/04/05","13:10:48","263","263","385","260","249","380","2000","1","1","1","34","49"
"2025/04/05","13:11:48","263","263","387","260","249","380","2000","1","1","1","46","49"
"2025/04/05","13:12:48","263","263","388","260","249","380","2000","1","1","1","33","49"
"2025/04/05","13:13:48","263","263","388","260","249","380","2000","1","1","1","19","50"
"2025/04/05","13:14:48","263","263","389","260","249","380","2000","1","1","1","31","50"
"2025/04/05","13:15:48","263","263","388","260","249","380","2000","1","1","1","6","50"
"2025/04/05","13:16:48","263","263","388","260","249","380","2000","1","1","1","37","48"
"2025/04/05","13:17:48","263","263","389","260","249","380","2000","1","1","1","32","50"
"2025/04/05","13:18:48","263","263","388","260","249","380","2000","1","1","1","35","48"
"2025/04/05","13:19:48","263","263","388","260","248","380","2000","1","1","1","42","52"
"2025/04/05","13:20:48","263","263","389","260","248","380","2000","1","1","1","3","50"
"2025/04/05","13:21:48","263","263","385","260","248","380","2000","1","1","1","41","50"
"2025/04/05","13:22:48","263","263","386","260","248","380","2000","1","1","1","34","52"
"2025/04/05","13:23:48","263","263","385","260","248","380","2000","1","1","1","24","49"
"2025/04/05","13:24:48","263","263","385","260","248","380","2000","1","1","1","43","50"
"2025/04/05","13:25:48","263","263","385","260","248","380","2000","1","1","1","61","49"
"2025/04/05","13:26:48","263","263","386","260","248","380","2000","1","1","1","8","50"
"2025/04/05","13:27:48","263","263","386","260","248","380","2000","1","1","1","22","52"
"2025/04/05","13:28:48","263","263","387","260","248","380","2000","1","1","1","32","49"
"2025/04/05","13:29:48","263","263","388","260","248","380","2000","1","1","1","40","52"
"2025/04/05","13:30:48","263","263","389","260","248","380","2000","1","1","1","33","49"
"2025/04/05","13:31:48","263","263","390","260","248","380","2000","1","1","1","23","52"
"2025/04/05","13:32:48","263","263","389","260","248","380","2000","1","1","1","16","49"
"2025/04/05","13:33:48","263","263","389","260","248","380","2000","1","1","1","30","52"
"2025/04/05","13:34:48","263","263","388","260","247","380","2000","1","1","1","34","49"
"2025/04/05","13:35:48","263","263","390","260","247","379","2000","1","1","1","23","53"
"2025/04/05","13:36:48","263","263","388","260","247","381","2000","1","1","1","15","49"
"2025/04/05","13:37:48","263","263","389","260","247","380","2000","1","1","1","21","52"
"2025/04/05","13:38:48","263","263","390","260","247","380","2000","1","1","1","32","50"
"2025/04/05","13:39:48","263","263","391","263","247","380","2100","1","1","1","7","51"
"2025/04/05","13:40:48","263","263","388","263","247","380","2100","1","1","1","39","50"
"2025/04/05","13:41:48","263","263","389","263","247","380","2100","1","1","1","45","50"
"2025/04/05","13:42:48","263","263","392","263","247","379","2100","1","1","1","36","53"
"2025/04/05","13:43:48","263","263","390","263","247","380","2100","1","1","1","33","49"
"2025/04/05","13:44:48","263","263","386","263","247","380","2100","1","1","1","5","51"
"2025/04/05","13:45:48","263","263","386","263","246","380","2100","1","1","1","34","50"
"2025/04/05","13:46:48","263","263","384","263","246","380","2100","1","1","1","11","83"
"2025/04/05","13:47:48","263","263","380","263","246","384","2130","1","1","1","11","100"
"2025/04/05","13:48:48","263","263","377","263","246","389","2130","1","1","1","25","100"
"2025/04/05","13:49:48","263","263","378","263","246","392","2130","1","1","1","57","100"
"2025/04/05","13:50:48","263","263","377","263","246","394","2130","1","1","1","27","100"
"2025/04/05","13:51:48","263","263","377","263","246","396","2130","1","1","1","13","100"
"2025/04/05","13:52:48","263","263","379","263","246","397","2130","1","1","1","19","100"
"2025/04/05","13:53:48","263","263","378","263","247","399","2130","1","1","1","45","100"
"2025/04/05","13:54:48","263","263","381","263","247","400","2130","1","1","1","49","100"
"2025/04/05","13:55:48","263","263","384","263","247","401","2130","1","1","1","26","100"
"2025/04/05","13:56:48","263","263","386","263","247","402","2130","1","1","1","26","100"
"2025/04/05","13:57:48","263","263","387","263","247","404","2130","1","1","1","38","100"
"2025/04/05","13:58:48","263","263","389","263","247","404","2130","1","1","1","20","100"
"2025/04/05","13:59:48","263","263","389","263","248","406","2130","1","1","1","20","100"
"2025/04/05","14:00:48","263","263","390","263","248","406","2130","1","1","1","69","100"
"2025/04/05","14:01:48","263","263","390","263","248","407","2130","1","1","1","57","100"
"2025/04/05","14:02:48","263","263","391","263","248","407","2130","1","1","1","27","100"
"2025/04/05","14:03:48","263","263","390","263","248","408","2130","1","1","1","4","99"
"2025/04/05","14:04:48","263","263","387","263","249","410","2130","1","1","1","20","96"
"2025/04/05","14:05:48","263","263","386","263","249","410","2130","1","1","1","31","93"
"2025/04/05","14:06:48","263","263","385","263","249","411","2130","1","1","1","11","90"
"2025/04/05","14:07:48","263","263","382","263","250","412","2130","1","1","1","28","87"
"2025/04/05","14:08:48","263","263","380","263","250","412","2130","1","1","1","48","80"
"2025/04/05","14:09:48","263","263","381","263","250","412","2130","1","1","1","2","78"
"2025/04/05","14:10:48","263","263","380","263","250","413","2130","1","1","1","7","72"
"2025/04/05","14:11:48","263","263","379","263","250","413","2130","1","1","1","42","63"
"2025/04/05","14:12:48","263","263","381","263","251","413","2130","1","1","1","42","60"
"2025/04/05","14:13:48","263","263","382","263","251","412","2130","1","1","1","9","57"
"2025/04/05","14:14:48","263","263","384","263","251","412","2130","1","1","1","23","57"
"2025/04/05","14:15:48","263","263","384","263","251","411","2130","1","1","1","16","55"
"2025/04/05","14:16:48","263","263","385","263","251","411","2130","1","1","1","16","57"
"2025/04/05","14:17:48","263","263","385","263","252","410","2130","1","1","1","17","56"
"2025/04/05","14:18:48","263","263","386","263","252","410","2130","1","1","1","4","56"
"2025/04/05","14:19:48","263","263","384","263","252","410","2130","1","1","1","35","54"
"2025/04/05","14:20:48","260","263","385","263","252","410","2100","0","1","1","5","57"
"2025/04/05","14:21:48","260","263","379","263","252","411","2100","0","1","1","1","53"
"2025/04/05","14:22:48","260","263","371","263","252","410","2100","0","1","1","1","53"
"2025/04/05","14:23:48","260","263","364","263","252","410","2100","0","1","1","1","53"
"2025/04/05","14:24:48","260","263","358","263","252","410","2100","0","1","1","1","51"
"2025/04/05","14:25:48","260","263","352","263","253","410","2100","0","1","1","1","53"
"2025/04/05","14:26:48","260","262","347","263","253","410","2100","0","1","1","1","51"
"2025/04/05","14:27:48","260","262","343","263","253","410","2100","0","1","1","1","52"
"2025/04/05","14:28:48","260","262","338","263","253","410","2100","0","1","1","1","52"
"2025/04/05","14:29:48","260","262","335","263","253","410","2100","0","1","1","1","52"
"2025/04/05","14:30:48","260","261","333","260","253","409","2030","1","1","1","23","12"
"2025/04/05","14:31:48","260","261","340","260","253","397","2030","1","1","1","72","54"
"2025/04/05","14:32:48","260","260","347","260","253","399","2030","1","1","1","97","51"
"2025/04/05","14:33:48","260","260","353","260","253","399","2030","1","1","1","100","53"
"2025/04/05","14:34:48","260","259","358","260","253","399","2030","1","1","1","100","52"
"2025/04/05","14:35:48","260","259","364","260","253","400","2030","1","1","1","100","52"
"2025/04/05","14:36:48","260","259","368","260","253","399","2030","1","1","1","100","53"
"2025/04/05","14:37:48","260","258","372","260","253","400","2030","1","1","1","100","54"
"2025/04/05","14:38:48","260","258","376","260","253","400","2030","1","1","1","100","53"
"2025/04/05","14:39:48","260","258","379","260","253","400","2030","1","1","1","100","54"
"2025/04/05","14:40:48","260","258","382","260","253","400","2030","1","1","1","90","54"
"2025/04/05","14:41:48","260","258","385","260","253","400","2030","1","1","1","82","51"
"2025/04/05","14:42:48","260","258","388","260","253","400","2030","1","1","1","72","55"
"2025/04/05","14:43:48","260","258","390","260","253","400","2030","1","1","1","66","55"
"2025/04/05","14:44:48","260","258","392","260","253","400","2030","1","1","1","60","52"
"2025/04/05","14:45:48","260","258","393","260","253","399","2030","1","1","1","55","55"
"2025/04/05","14:46:48","260","258","395","260","253","400","2030","1","1","1","48","54"
"2025/04/05","14:47:48","260","258","396","260","253","400","2030","1","1","1","43","54"
"2025/04/05","14:48:48","260","259","398","260","253","400","2030","1","1","1","40","52"
"2025/04/05","14:49:48","260","259","398","260","253","400","2030","1","1","1","36","52"
"2025/04/05","14:50:48","260","259","399","260","253","400","2030","1","1","1","34","53"
"2025/04/05","14:51:48","260","259","400","260","253","400","2030","1","1","1","10","53"
"2025/04/05","14:52:48","260","260","397","260","253","400","2030","1","1","1","3","52"
"2025/04/05","14:53:48","260","260","389","260","253","401","2030","1","1","1","3","49"
"2025/04/05","14:54:48","260","260","380","260","253","400","2030","1","1","1","1","51"
"2025/04/05","14:55:48","260","260","373","260","253","400","2030","1","1","1","1","52"
"2025/04/05","14:56:48","260","261","366","260","253","400","2030","1","1","1","1","49"
"2025/04/05","14:57:48","260","261","359","260","253","400","2030","1","1","1","1","52"
"2025/04/05","14:58:48","260","261","355","260","253","400","2030","1","1","1","43","52"
"2025/04/05","14:59:48","260","261","354","260","253","400","2030","1","1","1","19","50"
"2025/04/05","15:00:48","260","261","356","260","253","399","2030","1","1","1","27","54"
"2025/04/05","15:01:48","260","261","359","260","253","400","2030","1","1","1","61","54"
"2025/04/05","15:02:48","260","260","363","260","253","400","2030","1","1","1","40","52"
"2025/04/05","15:03:48","260","260","367","260","253","400","2030","1","1","1","78","54"
"2025/04/05","15:04:48","260","260","372","260","253","400","2030","1","1","1","95","54"
"2025/04/05","15:05:48","260","260","376","260","253","399","2030","1","1","1","97","56"
"2025/04/05","15:06:48","260","260","380","260","253","400","2030","1","1","1","86","54"
"2025/04/05","15:07:48","260","260","384","260","253","400","2030","1","1","1","95","53"
"2025/04/05","15:08:48","260","260","388","260","253","400","2030","1","1","1","66","54"
"2025/04/05","15:09:48","260","260","391","260","253","400","2030","1","1","1","40","56"
"2025/04/05","15:10:48","260","260","393","260","253","400","1930","1","1","1","39","53"
"2025/04/05","15:11:48","260","260","392","260","253","403","1930","0","1","0","30","70"
"2025/04/05","15:12:48","260","260","389","260","253","405","1930","0","1","0","31","61"
"2025/04/05","15:13:48","260","260","385","260","253","406","1930","0","1","0","1","55"
"2025/04/05","15:14:48","260","260","380","260","253","406","1930","0","1","0","6","52"
"2025/04/05","15:15:48","260","260","376","260","253","405","1930","0","1","0","1","55"
"2025/04/05","15:16:48","260","260","371","260","253","406","1930","0","1","0","4","51"
"2025/04/05","15:17:48","260","260","367","260","253","406","1900","0","1","0","6","52"
"2025/04/05","15:18:48","260","260","366","260","253","406","1900","0","1","0","16","51"
"2025/04/05","15:19:48","260","261","362","260","253","405","1900","0","1","0","7","52"
"2025/04/05","15:20:48","260","261","359","260","253","405","1900","0","1","0","5","50"
"2025/04/05","15:21:48","260","261","358","260","253","405","1900","0","1","0","4","52"
"2025/04/05","15:22:48","260","261","356","260","253","405","1900","0","1","0","10","50"
"2025/04/05","15:23:48","260","261","353","260","253","405","1900","0","1","0","1","52"
"2025/04/05","15:24:48","260","261","349","260","253","405","1900","0","1","0","1","53"
"2025/04/05","15:25:48","260","261","346","260","253","406","1800","0","1","0","1","50"
"2025/04/05","15:26:48","260","261","338","260","253","393","1800","0","0","0","1","50"
"2025/04/05","15:27:48","260","261","329","260","253","372","1800","0","0","0","1","50"
"2025/04/05","15:28:48","260","261","323","260","253","358","1800","0","0","0","1","50"
"2025/04/05","15:29:48","260","261","317","260","253","347","1800","0","0","0","1","50"
"2025/04/05","15:30:48","260","261","312","260","253","338","1800","0","0","0","1","50"
"2025/04/05","15:31:48","260","261","308","260","253","330","1800","0","0","0","1","50"
"2025/04/05","15:32:48","260","260","303","260","253","323","706","0","0","0","1","50"
"2025/04/05","15:33:48","260","260","299","260","253","318","2017","0","0","0","1","50"
"2025/04/05","15:34:48","260","259","295","260","253","312","2017","0","0","0","1","50"
"2025/04/05","15:35:48","260","259","291","260","253","308","2017","0","0","0","1","50"
"2025/04/05","15:36:48","260","258","287","260","253","304","2017","0","0","0","1","50"
"2025/04/05","15:37:48","260","257","284","260","253","300","2017","0","0","0","1","50"
"2025/04/05","15:38:48","260","256","280","260","252","296","2017","0","0","0","1","50"
"2025/04/05","15:39:48","260","255","277","260","252","293","2017","0","0","0","1","50"
"2025/04/05","15:40:48","260","254","274","260","252","290","2017","0","0","0","1","50"
"2025/04/05","15:41:48","260","253","271","260","252","287","2017","0","0","0","1","50"
"2025/04/05","15:42:48","260","252","268","260","251","285","2017","0","0","0","1","50"
"2025/04/05","15:43:48","260","251","265","260","251","282","2017","0","0","0","1","50"
"2025/04/05","15:44:48","260","250","262","260","250","280","2017","0","0","0","1","50"
"2025/04/05","15:45:48","260","248","259","260","250","277","2017","0","0","0","1","50"
"2025/04/05","15:46:48","260","247","257","260","249","275","2017","0","0","0","1","50"
"2025/04/05","15:47:48","260","246","254","260","249","273","2017","0","0","0","1","50"
"2025/04/05","15:48:48","260","244","252","260","248","271","2017","0","0","0","1","50"
"2025/04/05","15:49:48","260","243","249","260","247","269","2017","0","0","0","1","50"
"2025/04/05","15:50:48","260","241","246","260","247","267","2017","0","0","0","1","50"
"2025/04/05","15:51:48","260","240","244","260","246","265","2017","0","0","0","1","50"
"2025/04/05","15:52:48","260","239","242","260","245","263","2017","0","0","0","1","50"
"2025/04/05","15:53:48","260","237","239","260","244","261","2017","0","0","0","1","50"
"2025/04/05","15:54:48","260","236","237","260","244","259","2017","0","0","0","1","50"
"2025/04/05","15:55:48","260","234","235","260","243","258","2017","0","0","0","1","50"
"2025/04/05","15:56:48","260","233","233","260","242","256","2017","0","0","0","1","50"
"2025/04/05","15:57:48","260","232","231","260","241","254","2017","0","0","0","1","50"
"2025/04/05","15:58:48","260","230","228","260","240","252","2017","0","0","0","1","50"
"2025/04/05","15:59:48","260","229","226","260","239","251","2017","0","0","0","1","50"
"2025/04/05","16:00:48","260","228","224","260","239","249","2017","0","0","0","1","50"
"2025/04/05","16:01:48","260","226","222","260","238","247","2017","0","0","0","1","50"
"2025/04/05","16:02:48","260","225","220","260","237","246","2017","0","0","0","1","50"
"2025/04/05","16:03:48","260","224","218","260","236","244","2017","0","0","0","1","50"
"2025/04/05","16:04:48","260","222","216","260","235","242","2017","0","0","0","1","50"
"2025/04/05","16:05:48","260","221","215","260","234","241","2017","0","0","0","1","50"
"2025/04/05","16:06:48","260","220","213","260","233","239","2017","0","0","0","1","50"
"2025/04/05","16:07:48","260","218","211","260","232","238","2017","0","0","0","1","50"
"2025/04/05","16:08:48","260","217","209","260","231","236","2017","0","0","0","1","50"
"2025/04/05","16:09:48","260","216","207","260","230","235","2017","0","0","0","1","50"
"2025/04/05","16:10:48","260","214","206","260","229","233","2017","0","0","0","1","50"
"2025/04/05","16:11:48","260","213","204","260","228","231","2017","0","0","0","1","50"
"2025/04/05","16:12:48","260","211","202","260","227","230","2017","0","0","0","1","50"
"2025/04/05","16:13:48","260","210","201","260","226","228","2017","0","0","0","1","50"
"2025/04/05","16:14:48","260","209","199","260","225","227","2017","0","0","0","1","50"
"2025/04/05","16:15:48","260","208","197","260","224","225","2017","0","0","0","1","50"
"2025/04/05","16:16:48","260","206","196","260","223","224","2017","0","0","0","1","50"
"2025/04/05","16:17:48","260","205","194","260","222","222","2017","0","0","0","1","50"
"2025/04/05","16:18:48","260","204","193","260","221","221","2017","0","0","0","1","50"
"2025/04/05","16:19:48","260","203","191","260","220","219","2017","0","0","0","1","50"
"2025/04/05","16:20:48","260","201","190","260","218","218","2017","0","0","0","1","50"
"2025/04/05","16:21:48","260","200","188","260","217","216","2017","0","0","0","1","50"
